<templates>
    <t t-name="book.Dashboard">
        <div class="p-3" style="max-height: 80vh; overflow-y: auto;">

            <!-- Bar Chart -->
            <div class="card mb-3 shadow-sm">
                <div class="card-header bg-success text-white">
                    Books per Category
                </div>


                <div class="card-body">
                    <canvas id="booksBarChart" t-ref="chart" style="height:500px; "></canvas>
                </div>

                <t t-if="!state.is_error">
                  <div class="card-body">
                      <canvas  t-ref="book_per_user" style="height:500px; "></canvas>
                  </div>
                </t>

            </div>

            <!-- Category List -->
            <t t-foreach="state.categories" t-as="category" t-key="category.category_name">
                <div class="card mb-3 shadow-sm">
                    <div class="card-header bg-primary text-white">
                        <t t-esc="category.category_name"/>
                    </div>
                    <div class="card-body">
                        <ul class="list-group list-group-flush">
                            <t t-foreach="category.books" t-as="book" t-key="book.id">
                                <li class="list-group-item d-flex justify-content-between align-items-center">
                                    <span t-esc="book.title"/>
                                    <span class="text-muted" t-esc="book.publish_date"/>
                                </li>
                            </t>
                        </ul>
                    </div>
                </div>
            </t>
        </div>
    </t>
</templates>
