<templates>
    <t t-name="book.Dashboard">
        <div class="p-3" style="max-height: 80vh; overflow-y: auto;">
        <div class="p-3" style="max-height: 80vh; overflow-y: auto;">
            <!-- Bar Chart -->
            <div class="card mb-3 shadow-sm">
                <div class="card-header bg-success text-white">Bar Chart</div>
                <div class="card-body">
                    <div class="row">
                        <div class="col-md-6">
                            <canvas id="booksBarChart" t-ref="chart" style="height:500px;"></canvas>
                        </div>
                        <t t-if="!state.is_error">
                            <div class="col-md-6">
                                <canvas t-ref="book_per_user" style="height:500px;"></canvas>
                            </div>
                        </t>
                    </div>
                </div>
            </div>

            <!-- Category List -->
            <t t-foreach="state.categories" t-as="category" t-key="category.category_name">
                <div class="card mb-3 shadow-sm">
                    <div class="card-header bg-primary text-white">
                        <t t-esc="category.category_name"/>
                    </div>
                    <div class="card-body">
                        <ul class="list-group list-group-flush">
                            <t t-foreach="category.books" t-as="book" t-key="book.id">
                                <li class="list-group-item d-flex justify-content-between align-items-center">
                                    <span t-esc="book.title"/>
                                    <span class="text-muted" t-esc="book.publish_date"/>
                                </li>
                            </t>
                        </ul>
                    </div>
                </div>
            </t>
        </div>

        <div class="p-3" style="max-height: 80vh; overflow-y: auto;">
            <!-- NEW BUTTON CONTAINER -->
            <div class="p-3 border-top mt-4">
                <div class="mt-4">
                    <button class="btn btn-primary" t-on-click="loadDivision" t-att-disabled="state.isLoading">
                        <t t-if="state.isLoading">
                            <i class="fa fa-spinner fa-spin me-2"/>
                            Loading...
                        </t>
                        <t t-else="">Load Divisions</t>
                    </button>
                </div>
                <div class="mt-3"> <!-- CORRECTED: Using '!' instead of 'not' for robust compilation -->
                    <t t-if="state.division.length > 0 and !state.isLoading">
                        <h4>All Divisions (<t t-esc="state.division.length"/>)
                        </h4>
                        <ul class="list-group list-group-flush">
                            <t t-foreach="state.division" t-as="item" t-key="item.division">
                                <li class="list-group-item">
                                    <t t-esc="item.division"/>
                                </li>
                            </t>
                        </ul>
                    </t> <!-- CORRECTED: Using '!' instead of 'not' for robust compilation -->
                    <t t-elif="!state.isLoading and state.division.length === 0 and !state.error">
                        <p class="text-muted">No divisions loaded yet.</p>
                    </t>
                </div>
            </div>

            <div class="p-3 border-top mt-4">
                <div class="mt-4">
                    <button
                            class="btn btn-primary"
                            t-on-click="loadDistrics"
                            t-att-disabled="state.isLoading"
                    >
                        <t t-if="state.isLoading">
                            <i class="fa fa-spinner fa-spin me-2"/>
                            Loading...
                        </t>
                        <t t-else="">
                            Load Districs
                        </t>
                    </button>
                </div>
                <div class="mt-3">
                    <!-- CORRECTED: Using '!' instead of 'not' for robust compilation -->
                    <t t-if="state.districts.length > 0 and !state.isLoading">
                        <h4>All Districs (<t t-esc="state.districts.length"/>)
                        </h4>
                        <ul class="list-group list-group-flush">
                            <t t-foreach="state.districts" t-as="item" t-key="item.district">
                                <li class="list-group-item">
                                    <t t-esc="item.district"/>
                                </li>
                            </t>
                        </ul>
                    </t>
                    <!-- CORRECTED: Using '!' instead of 'not' for robust compilation -->
                    <t t-elif="!state.isLoading and state.districts.length === 0 and !state.error">
                        <p class="text-muted">No districs loaded yet.</p>
                    </t>
                </div>

            </div>
        </div>
        </div>

    </t>
</templates>

<!--<templates>-->
<!--    <t t-name="book.Dashboard">-->
<!--        <div class="p-3" style="max-height: 80vh; overflow-y: auto;">-->
<!--            &lt;!&ndash;  Bar Chart  &ndash;&gt;-->
<!--            <div class="card mb-3 shadow-sm">-->
<!--                <div class="card-header bg-success text-white">Books per Category</div>-->
<!--                <div class="card-body">-->
<!--                    <canvas id="booksBarChart" t-ref="chart" style="height:500px; "/>-->
<!--                </div>-->
<!--                <t t-if="!state.is_error">-->
<!--                    <div class="card-body">-->
<!--                        <canvas t-ref="book_per_user" style="height:500px; "/>-->
<!--                    </div>-->
<!--                </t>-->
<!--            </div>-->
<!--            &lt;!&ndash;  Category List  &ndash;&gt;-->
<!--            <t t-foreach="state.categories" t-as="category" t-key="category.category_name">-->
<!--                <div class="card mb-3 shadow-sm">-->
<!--                    <div class="card-header bg-primary text-white">-->
<!--                        <t t-esc="category.category_name"/>-->
<!--                    </div>-->
<!--                    <div class="card-body">-->
<!--                        <ul class="list-group list-group-flush">-->
<!--                            <t t-foreach="category.books" t-as="book" t-key="book.id">-->
<!--                                <li class="list-group-item d-flex justify-content-between align-items-center">-->
<!--                                    <span t-esc="book.title"/>-->
<!--                                    <span class="text-muted" t-esc="book.publish_date"/>-->
<!--                                </li>-->
<!--                            </t>-->
<!--                        </ul>-->
<!--                    </div>-->
<!--                </div>-->
<!--            </t>-->
<!--        </div>-->
<!--        &lt;!&ndash; NEW BUTTON CONTAINER &ndash;&gt;-->
<!--        <div class="p-3 border-top mt-4">-->
<!--            <div class="mt-4">-->
<!--                <button-->
<!--                    class="btn btn-primary"-->
<!--                    t-on-click="loadDistricts"-->
<!--                    t-att-disabled="state.isLoading"-->
<!--                >-->
<!--                    <t t-if="state.isLoading">-->
<!--                        <i class="fa fa-spinner fa-spin me-2"/>-->
<!--                        Loading...-->
<!--                    </t>-->
<!--                    <t t-else="">-->
<!--                        Load Divisions-->
<!--                    </t>-->
<!--                </button>-->
<!--            </div>-->

<!--            &lt;!&ndash; ERROR MESSAGE &ndash;&gt;-->
<!--            <t t-if="state.error">-->
<!--                <div class="alert alert-danger mt-3" role="alert">-->
<!--                    <t t-esc="state.error"/>-->
<!--                </div>-->
<!--            </t>-->

<!--            &lt;!&ndash; DISTRICT LIST &ndash;&gt;-->
<!--            <div class="mt-3">-->
<!--                <t t-if="state.districts.length > 0 and not state.isLoading">-->
<!--                    <h4>All Divisions (<t t-esc="state.districts.length"/>)</h4>-->
<!--                    <ul class="list-group list-group-flush">-->
<!--                        <t t-foreach="state.districts" t-as="item" t-key="item.division">-->
<!--                            <li class="list-group-item">-->
<!--                                <t t-esc="item.division"/>-->
<!--                            </li>-->
<!--                        </t>-->
<!--                    </ul>-->
<!--                </t>-->
<!--                <t t-elif="!state.isLoading and state.districts.length === 0 and not state.error">-->
<!--                    <p class="text-muted">No divisions loaded yet.</p>-->
<!--                </t>-->
<!--            </div>-->
<!--        </div>-->
<!--        &lt;!&ndash; NEW BUTTON &ndash;&gt;-->
<!--        <div class="mt-4">-->
<!--            <button class="btn btn-primary" t-on-click="loadDistricts">Districts</button>-->
<!--        </div>-->

<!--        &lt;!&ndash; DISTRICT LIST &ndash;&gt;-->
<!--        <div class="mt-3">-->
<!--            <t t-if="state.districts.length > 0">-->
<!--                <h4>All Divisions</h4>-->
<!--                <ul>-->
<!--                    <t t-foreach="state.districts" t-as="item" t-key="item.division">-->
<!--                        <li>-->
<!--                            <t t-esc="item.division"/>-->
<!--                        </li>-->
<!--                    </t>-->
<!--                </ul>-->
<!--            </t>-->
<!--        </div>-->
<!--    </t>-->
<!--</templates>-->