id,name,model_id:id,group_id:id,perm_read,perm_write,perm_create,perm_unlink
access_library_book_user,access_library_book_user,model_library_book,library_erp.group_library_user,1,1,1,0
access_library_book_manager,access_library_book_manager,model_library_book,library_erp.group_library_manager,1,1,1,1
access_library_author_user,access_library_author_user,model_library_author,library_erp.group_library_user,1,1,1,0
access_library_author_manager,access_library_author_manager,model_library_author,library_erp.group_library_manager,1,1,1,1
access_library_category_user,access_library_category_user,model_library_category,library_erp.group_library_user,1,1,1,0
access_library_category_manager,access_library_category_manager,model_library_category,library_erp.group_library_manager,1,1,1,1
