

<odoo>
    <record id="module_category_library_management" model="ir.module.category">
        <field name="name">Library Management</field>
        <field name="sequence">10</field>
        <field name="exclusive">True</field>
    </record>

    <record id="group_library_user" model="res.groups">
        <field name="name">Library User</field>
        <field name="category_id" ref="library_erp.module_category_library_management"/>
    </record>

    <record id="group_library_manager" model="res.groups">
        <field name="name">Library Manager</field>
        <field name="category_id" ref="library_erp.module_category_library_management"/>
    </record>

    <!-- Rule for Library User: can only see own books -->
    <record id="library_book_rule_user_own" model="ir.rule">
        <field name="name">Library Book: users see only their own</field>
        <field name="model_id" ref="model_library_book"/>
        <field name="domain_force">[('create_uid', '=', user.id)]</field>
        <field name="groups" eval="[(4, ref('library_erp.group_library_user'))]"/>
    </record>

    <!-- Rule for Library Manager: can see all books -->
    <record id="library_book_rule_manager_all" model="ir.rule">
        <field name="name">Library Book: managers see all</field>
        <field name="model_id" ref="model_library_book"/>
        <field name="domain_force">[(1, '=', 1)]</field>
        <field name="groups" eval="[(4, ref('library_erp.group_library_manager'))]"/>
    </record>



</odoo>